,Baseline,LB,UB,Sample size,Distribution,Min,Max,Mode
Baseline,0.276088504,0.263631361,0.288545647,3364,Triangular,0.263631361,0.288545647,0.276088504
